Wahlkreiscode,Wahlkreis,AfDShare2017,AvgNetFortzuege2014-2017,FortzuegeProzentFrom2013Population,Arbeitslos,EastWest,Ausbildung
16076,"Greiz, Kreis",25.555976152171855,57.388888888888886,0.05617164924964902,0.028949886678418534,1,0.0024094686476957942
5762,"H�xter, Kreis",8.925519211407432,76.72222222222223,0.05373156163138511,0.024116130399463143,0,0.006317945819941369
14521,Erzgebirgskreis,28.90158049326309,157.77777777777777,0.04491139645661735,0.028298366791725548,1,0.0018473850746093254
15087,"Mansfeld-S�dharz, Landkreis",23.89354412349703,51.333333333333336,0.03583578831753295,0.05590777680363444,1,0.0015114518197561098
12071,"Spree-Nei�e, Landkreis",28.884640248682995,38.833333333333336,0.03266077370989947,0.03950422671840355,1,0.0021913109756097563
15090,"Stendal, Landkreis",17.682868373118588,34.388888888888886,0.02978140735672932,0.05168483734737512,1,0.002433163112045659
15081,Altmarkkreis Salzwedel,15.550902129999788,22.555555555555557,0.026132583598521116,0.042814686763678556,1,0.0021999360621381297
16065,Kyffh�userkreis,24.990595056319016,19.72222222222222,0.025396907157492238,0.044817853280223696,1,0.0020760241631274895
15082,"Anhalt-Bitterfeld, Landkreis",22.39540967749027,35.44444444444444,0.021246100441439292,0.042104871515031256,1,0.0018652644111519
16061,"Eichsfeld, Kreis",18.182986172450896,19.833333333333332,0.019646495164320682,0.02348849918028715,1,0.003169556361468528
12062,"Elbe-Elster, Landkreis",24.196712124042595,19.333333333333332,0.018212019304740604,0.04294620849644773,1,0.0026484945145232226
9374,"Neustadt a.d.Waldnaab, Landkreis",13.94211443119389,16.22222222222222,0.016996052492191657,0.018627098194441506,0,0.0016764388374997355
16075,Saale-Orla-Kreis,26.521559117525285,13.666666666666666,0.016337134705652737,0.028392289665157482,1,0.002377884933927191
5966,"Olpe, Kreis",7.723577235772358,21.11111111111111,0.015644001801530295,0.023411073526793662,0,0.005314224675093466
16063,Wartburgkreis,22.540940583665755,19.27777777777778,0.015265536752989578,0.024280081445331437,1,0.0017953524449759218
16077,"Altenburger Land, Kreis",27.4605258359771,11.333333333333334,0.012107615333938756,0.044026475455046885,1,0.0023827909542195255
16073,"Saalfeld-Rudolstadt, Kreis",26.983294628811144,13.166666666666666,0.01193638360817231,0.03163884956411594,1,0.0021663810446315474
14625,"Bautzen, Landkreis",32.4507879238075,22.11111111111111,0.007170783561249007,0.03207504774744411,1,0.0024584151152877735
14626,"G�rlitz, Landkreis",32.88511579495186,13,0.00495865246712032,0.04550503338049083,1,0.0020266030625090124
16064,Unstrut-Hainich-Kreis,23.218600033096145,3.7222222222222223,0.0035706482058824613,0.04422051321688051,1,0.002950610604421085
15089,Salzlandkreis,20.40763401304352,5.222222222222222,0.002627995985316746,0.04927388852282102,1,0.0016094303695671347
3255,"Holzminden, Landkreis",9.620641695841927,1.3333333333333333,0.0018550208457966493,0.033607893849094794,0,0.0018919374789160013
9472,"Bayreuth, Landkreis",10.881826320501343,-5.222222222222222,-0.004990798878238264,0.017446173113048503,0,0.0008361832281681999
9673,"Rh�n-Grabfeld, Landkreis",10.377150639934305,-6.333333333333333,-0.007920131724295952,0.014712516918141261,0,0.003323474860895283
10046,"St. Wendel, Landkreis",8.254967000649728,-7.111111111111111,-0.008030072621969246,0.018994616864124188,0,0.003921836411849728
7340,"S�dwestpfalz, Landkreis",12.87941589083025,-8.333333333333334,-0.008626728365028091,0.024216016926074113,0,0.0011332928336510464
16062,"Nordhausen, Kreis",21.12309945742991,-7.388888888888889,-0.008654121444002008,0.03821859097724831,1,0.002188979538826641
9377,"Tirschenreuth, Landkreis",12.3046875,-6.722222222222222,-0.009151234357817733,0.01973051010587103,0,0.0015371923552866768
7336,"Kusel, Landkreis",13.956861029902626,-7.166666666666667,-0.010079983496957358,0.02382567407156181,0,0.0018003504606862247
16066,"Schmalkalden-Meiningen, Kreis",21.624943225840926,-12.722222222222221,-0.010131255054567165,0.02450549808055176,1,0.002046327021927256
14522,"Mittelsachsen, Landkreis",30.35709592123178,-34.111111111111114,-0.010843002854853226,0.030965137447956047,1,0.0023150837408689837
14523,Vogtlandkreis,26.421081775651174,-27.944444444444443,-0.01194360150636592,0.029858352498431946,1,0.0021552024531326227
12066,"Oberspreewald-Lausitz, Landkreis",25.853797487331715,-14.666666666666666,-0.012883352951166303,0.048910206799733624,1,0.0019132125051744928
15091,"Wittenberg, Landkreis",19.93544585219511,-16.88888888888889,-0.013047859893453943,0.0413515751291251,1,0.001753735756811103
9677,"Main-Spessart, Landkreis",10.3886925795053,-16.944444444444443,-0.013416559994017634,0.01145246318851118,0,0.003006567975783059
16069,"Hildburghausen, Kreis",25.21853146853147,-9.166666666666666,-0.014095624718087448,0.021932637704738512,1,0.0019304475697323343
7135,"Cochem-Zell, Landkreis",8.525595285287666,-10,-0.01609839338034064,0.019266322856864845,0,0.0017741883169537156
9674,"Ha�berge, Landkreis",12.86002568336085,-13.88888888888889,-0.016516695075382226,0.01600681947338511,0,0.0029929910967986363
3354,"L�chow-Dannenberg, Landkreis",7.766956642290229,-8.5,-0.017464557222108077,0.03774014103439006,0,0.002696610625142172
16074,Saale-Holzland-Kreis,23.482834464951708,-14.777777777777779,-0.017592383159459532,0.026979154114953607,1,0.0020387998554042656
13071,Landkreis Mecklenburgische Seenplatte,19.58469109975728,-49,-0.018672926542993462,0.05486349367166333,1,0.002812252949258176
15085,"Harz, Landkreis",16.462187760710606,-43.44444444444444,-0.019654295519172443,0.03246894345327533,1,0.0022820262691921832
9476,"Kronach, Landkreis",11.756935270805812,-13.5,-0.01971263360785001,0.017473397160387705,0,0.003094525298633548
12073,"Uckermark, Landkreis",20.79071853255602,-24.666666666666668,-0.020330899120276375,0.06395566228219594,1,0.0025858129274028033
5554,"Borken, Kreis",6.137097073333581,-75.05555555555556,-0.02060431809162839,0.02123510351132485,0,0.004401733212881169
5958,Hochsauerlandkreis,7.9940319604224745,-55.611111111111114,-0.021225695942011555,0.025272276186871872,0,0.004370180931301154
9475,"Hof, Landkreis",12.389044084830653,-22,-0.022657987970668203,0.016309398264646613,0,0.001522349722781995
15086,"Jerichower Land, Landkreis",18.975839830590047,-20.944444444444443,-0.022834949950877488,0.04122036146576024,1,0.001653678218095396
16068,"S�mmerda, Kreis",24.246033636666827,-17.444444444444443,-0.024627566874824525,0.033001556542476475,1,0.002056349693689577
9477,"Kulmbach, Landkreis",11.424839447044736,-18.72222222222222,-0.025682765264098174,0.02170471588068655,0,0.002743987113258901
7333,Donnersbergkreis,13.667804323094426,-20.61111111111111,-0.02741130853164045,0.02765572155202258,0,0.003880056456552422
9676,"Miltenberg, Landkreis",11.25569290826285,-36.77777777777778,-0.028753080532079707,0.016219918433423616,0,0.0026042153108558268
9371,"Amberg-Sulzbach, Landkreis",13.02439553963306,-30.5,-0.029590391369307488,0.015549029522735229,0,0.0007993309735890155
3462,"Wittmund, Landkreis",8.603442578629577,-16.72222222222222,-0.029649330181245187,0.031587668117960196,0,0.0038215437767710777
13075,Landkreis Vorpommern-Greifswald,22.71570393081995,-81.77777777777777,-0.03433372285315105,0.05044164916099314,1,0.0023360583128748955
5766,"Lippe, Kreis",10.843193050771305,-124.94444444444444,-0.03617656350635669,0.03448315376043132,0,0.004301728311594555
3155,"Northeim, Landkreis",9.517527095175272,-49.833333333333336,-0.03700650769958153,0.030545826255580777,0,0.0038362671557205775
3461,"Wesermarsch, Landkreis",8.324554254705916,-33.72222222222222,-0.0379622228976623,0.03627193278066096,0,0.003214935633888252
5770,"Minden-L�bbecke, Kreis",10.565267900150172,-120.27777777777777,-0.03888005332942559,0.027062373275665394,0,0.005692031348909247
6535,Vogelsbergkreis,14.109935239298688,-41.611111111111114,-0.03911443662155709,0.02234831049027252,0,0.0023090435975237434
6635,"Waldeck-Frankenberg, Landkreis",12.4367199092258,-64.55555555555556,-0.04122137296261065,0.021767054993132216,0,0.00311212290786997
5374,Oberbergischer Kreis,10.586710011997368,-113.11111111111111,-0.041848056203008195,0.028545470531344333,0,0.005487822748454031
6437,Odenwaldkreis,13.070244377081696,-41.111111111111114,-0.042734598508446985,0.02710229096141702,0,0.003726823814404174
5558,"Coesfeld, Kreis",6.218353407597337,-96.83333333333333,-0.04497976297755179,0.016356673960612692,0,0.005195113056163384
1051,"Dithmarschen, Landkreis",8.567697221252441,-60.27777777777778,-0.045436081692818285,0.03468043492922284,0,0.003731818624622509
7233,"Vulkaneifel, Landkreis",8.219844357976653,-27.833333333333332,-0.04580487671082573,0.023243554896631248,0,0.003742690058479532
9671,"Aschaffenburg, Landkreis",11.470917225950783,-80.77777777777777,-0.04674883401205955,0.016704125447637223,0,0.0019083859768119608
7132,"Altenkirchen (Westerwald), Landkreis",10.930990883077127,-61,-0.04751778021858179,0.0257937278225963,0,0.003486268450435201
14627,"Mei�en, Landkreis",32.876558016870646,-117.38888888888889,-0.04816626273567951,0.03368579687229785,1,0.002204544144411229
3452,"Aurich, Landkreis",8.924105615078842,-90.11111111111111,-0.04817281865042464,0.036504535427930654,0,0.002850238748295595
15088,Saalekreis,23.996481318579562,-93.5,-0.04981618626458522,0.04095550260385781,1,0.001534281432283524
9672,"Bad Kissingen, Landkreis",11.393874589475292,-52.611111111111114,-0.0511457843883841,0.017963491986636323,0,0.002878032247131167
9473,"Coburg, Landkreis",11.990991650798302,-44.388888888888886,-0.05118703962094687,0.017793635265005468,0,0.0011003050008632099
15084,Burgenlandkreis,24.334219072925894,-97.16666666666667,-0.05253501733745676,0.042051349687857204,1,0.0023026026554119404
14628,"S�chsische Schweiz-Osterzgebirge, Landkreis",35.464939271255055,-140.66666666666666,-0.05719575450281025,0.029541435428534175,1,0.0019118402073197564
15083,"B�rde, Landkreis",18.772037485828402,-99.22222222222223,-0.05736880819994922,0.03282373319275399,1,0.0019800833048505668
7335,"Kaiserslautern, Landkreis",13.99156336366428,-61.5,-0.059068163700452384,0.027392592452365853,0,0.0028490567823642437
5570,"Warendorf, Kreis",7.41624728636274,-161.33333333333334,-0.059178181346890575,0.030801058178174714,0,0.004939125921761132
3357,"Rotenburg (W�mme), Landkreis",8.071416984345852,-95.83333333333333,-0.05941015531364439,0.02367530313324397,0,0.0034288792180049827
3360,"Uelzen, Landkreis",9.366526990386985,-56.388888888888886,-0.06105601031756346,0.029047701198999396,0,0.0031398257569222807
9471,"Bamberg, Landkreis",15.489839150938375,-88.27777777777777,-0.06112361279403016,0.01378731648747476,0,0
9272,"Freyung-Grafenau, Landkreis",20.086698906461027,-47.666666666666664,-0.061405542816410266,0.01647839683451401,0,0.0027774586763673493
6532,Lahn-Dill-Kreis,13.920473027186054,-156.66666666666666,-0.06233578830235787,0.029032435750145576,0,0.0027612092979336176
3352,"Cuxhaven, Landkreis",8.913431128457034,-122.61111111111111,-0.06236355323620792,0.028036345280161534,0,0.0023765774861181223
16072,"Sonneberg, Kreis",25.572187059423463,-36.388888888888886,-0.0635591575646072,0.019020244495307037,1,0.0022710739695889002
13076,Landkreis Ludwigslust-Parchim,17.708400750760468,-135.27777777777777,-0.0638208089910022,0.0324766377128015,1,0.002355520840195368
3459,"Osnabr�ck, Landkreis",7.0341494289248825,-229.55555555555554,-0.06553075790476665,0.0190992306396361,0,0.002213174594260684
12070,"Prignitz, Landkreis",18.34478436989459,-51.44444444444444,-0.0659603354717019,0.04721535534473163,1,0.0022106312206360097
3455,"Friesland, Landkreis",8.220862920021647,-65.27777777777777,-0.06723221836566778,0.026210803073830818,0,0.0022495406511080203
6634,Schwalm-Eder-Kreis,12.86766045850494,-122.11111111111111,-0.06805539300286538,0.023147482213395,0,0.00407293891144871
7140,Rhein-Hunsr�ck-Kreis,9.814115689787561,-70.38888888888889,-0.06910763336627812,0.02100293380481455,0,0.0029279760632613806
9478,"Lichtenfels, Landkreis",13.167164033070788,-46.27777777777778,-0.06944027636062919,0.020096739895472993,0,0.002638633062281923
10042,"Merzig-Wadern, Landkreis",9.26283099051978,-71.66666666666667,-0.06948821124416225,0.024832137068765917,0,0.0030832754495639424
1061,"Steinburg, Landkreis",8.232852468200512,-91,-0.06999084735073105,0.03250438786442069,0,0.003622742434258014
9479,"Wunsiedel i.Fichtelgebirge, Landkreis",13.808707576276996,-52.388888888888886,-0.07100401025831006,0.02367830169422331,0,0.003554466898006396
3256,"Nienburg (Weser), Landkreis",9.806339305142526,-85.44444444444444,-0.0712940094490057,0.029077138388079363,0,0.003113525973491397
12068,"Ostprignitz-Ruppin, Landkreis",18.48410670573731,-70.83333333333333,-0.07158931651573947,0.04023428065373159,1,0.0027996940665002816
6533,"Limburg-Weilburg, Landkreis",12.702071392556158,-122.05555555555556,-0.07181259299354875,0.023823784242692082,0,0.003656430444667996
3456,"Grafschaft Bentheim, Landkreis",5.253278270896463,-97,-0.07256242612845794,0.020175328833570098,0,0.0029736712326750526
3158,"Wolfenb�ttel, Landkreis",9.872300542820323,-87.44444444444444,-0.07293114632564165,0.028379982895621776,0,0.0028247133356028463
16071,"Weimarer Land, Kreis",23.710729104919974,-59.888888888888886,-0.07329982484197703,0.024570503220464866,1,0.0016217993205975818
7337,"S�dliche Weinstra�e, Landkreis",12.19250111036291,-80.88888888888889,-0.07419229256222269,0.02231020954240567,0,0.0036177252264468188
3252,"Hameln-Pyrmont, Landkreis",10.539949809762811,-116.5,-0.07884673953504112,0.0349908291525058,0,0.00325295355235475
7143,Westerwaldkreis,10.826102721071226,-157.88888888888889,-0.07945934097395557,0.018449156631300395,0,0.0023875964365123186
1057,"Pl�n, Landkreis",7.686135495383289,-103.11111111111111,-0.08141872121720986,0.02536439980751618,0,0.0025783517796991663
7231,"Bernkastel-Wittlich, Landkreis",8.392854468951679,-91.16666666666667,-0.08239713914722713,0.019619383951343928,0,0.003069541798205718
9679,"W�rzburg, Landkreis",9.140848786371174,-132.66666666666666,-0.08365914154790423,0.01197471178876906,0,0.0005689847526961695
16070,Ilm-Kreis,25.0458632823073,-91.83333333333333,-0.08428324063706498,0.030414407791969127,1,0.0020931728383717725
1058,"Rendsburg-Eckernf�rde, Landkreis",7.345234195872911,-230,-0.0857968852000373,0.024796536542842702,0,0.003413644321703013
12067,"Oder-Spree, Landkreis",22.137061259674308,-151.83333333333334,-0.0858543021392895,0.03825127420141634,1,0.0028259516560413126
8437,"Sigmaringen, Landkreis",12.881119455045345,-109.38888888888889,-0.08606453835051585,0.017766068575642127,0,0.0036438490844291505
5970,"Siegen-Wittgenstein, Kreis",10.657372374331352,-237.27777777777777,-0.08631295935227508,0.028570709087442487,0,0.005324900981016415
7332,"Bad D�rkheim, Landkreis",12.355752695186025,-113.22222222222223,-0.08640213537917306,0.020965955747745575,0,0.002692501826893377
7141,Rhein-Lahn-Kreis,10.919798169379956,-104.94444444444444,-0.08646298203455764,0.018818280615455013,0,0.003577352693637084
9678,"Schweinfurt, Landkreis",11.970195341343896,-98.94444444444444,-0.08755603143561402,0.014560618565657444,0,0
8225,"Neckar-Odenwald-Kreis, Landkreis",14.068241469816273,-124.44444444444444,-0.08789442623774212,0.019975449168619572,0,0.0032655395603169287
9474,"Forchheim, Landkreis",11.79641127106502,-100.38888888888889,-0.08850762527233118,0.01552545361813954,0,0.0030566817368452904
1059,"Schleswig-Flensburg, Landkreis",6.560555803092562,-173.33333333333334,-0.08882739300142621,0.031267700235084184,0,0.002667629058209651
1055,"Ostholstein, Landkreis",8.459928972831706,-177.61111111111111,-0.08977739586580297,0.028651338092769114,0,0.0033033542057192998
5566,"Steinfurt, Kreis",6.491264100282196,-390.8888888888889,-0.08996685445137732,0.024840728673317432,0,0.004676138971930178
14729,"Leipzig, Landkreis",26.866636133784215,-233.77777777777777,-0.09075365214435699,0.031584291959939226,1,0.001837927506123841
3153,"Goslar, Landkreis",11.136708923812607,-125.94444444444444,-0.09137466676662653,0.035292920334683016,0,0.0024367017293894433
3151,"Gifhorn, Landkreis",11.420631562752414,-157.55555555555554,-0.09188252255754813,0.025188629133134185,0,0.002618246620097213
9372,"Cham, Landkreis",18.00956094434355,-117.05555555555556,-0.09323198613777103,0.015077863027038063,0,0.002208278689168283
3351,"Celle, Landkreis",11.739981575310916,-168.88888888888889,-0.0962044800907359,0.035846143518829296,0,0.0025989572844644336
16054,"Suhl, kreisfreie Stadt",19.855286333127054,-34.388888888888886,-0.09642195118151946,0.027156912927259285,1,0.0015298868224990047
7138,"Neuwied, Landkreis",10.642290113062304,-174.16666666666666,-0.09705365534714551,0.028383474168065838,0,0.0027271476149844484
9276,"Regen, Landkreis",20.67972221601947,-75.05555555555556,-0.0984244797927476,0.01991250371020403,0,0.0019899598652711997
14730,"Nordsachsen, Landkreis",26.85328963736349,-194.38888888888889,-0.09850156014760328,0.0418920695268815,1,0.0021699343761691454
3356,"Osterholz, Landkreis",9.588670651864502,-110.44444444444444,-0.09960538630656404,0.019795764997126562,0,0.0036638521727598247
7133,"Bad Kreuznach, Landkreis",11.555954977368128,-156.05555555555554,-0.10048845473869789,0.03331027172498715,0,0.0038083389929482255
7334,"Germersheim, Landkreis",16.31823222573623,-126.27777777777777,-0.10067268665415903,0.023428317909042085,0,0.0023786358647851368
9576,"Roth, Landkreis",11.710847687369727,-125.66666666666667,-0.1018112683739632,0.01337816512160887,0,0.002242646767273852
9577,"Wei�enburg-Gunzenhausen, Landkreis",11.31059579287425,-94.05555555555556,-0.10186779689980117,0.01716414741847826,0,0.0027938179347826086
6632,"Hersfeld-Rotenburg, Landkreis",14.688530156619176,-122.27777777777777,-0.10219536633858271,0.02321202962816162,0,0.0029595131336652876
8128,"Main-Tauber-Kreis, Landkreis",13.573319883999496,-133.55555555555554,-0.10284817572834398,0.01683952522524567,0,0.0027112694702282336
5974,"Soest, Kreis",9.339935518910986,-307.1111111111111,-0.10411569649596414,0.0317707073084228,0,0.0052516962607683975
16067,"Gotha, Kreis",23.224904253174763,-142.33333333333334,-0.10531118592233603,0.03085130717748541,1,0.0028423639140797365
13074,Landkreis Nordwestmecklenburg,16.972348734935043,-164.27777777777777,-0.1058047710545054,0.03627550272942106,1,0.002433229507048085
3254,"Hildesheim, Landkreis",9.325775266344618,-293.6111111111111,-0.1069547503491967,0.033986408328513594,0,0.003827356853672643
1054,"Nordfriesland, Landkreis",5.805913694228657,-176.22222222222223,-0.10883087777661123,0.03417098790054514,0,0.00317293396671139
5358,"D�ren, Kreis",9.612745946954055,-281.27777777777777,-0.10885994844041946,0.037510127848635735,0,0.00475181540498081
7134,"Birkenfeld, Landkreis",12.037983307784023,-87.94444444444444,-0.10901347965793336,0.03216975522743038,0,0.0025418689921712415
3257,"Schaumburg, Landkreis",10.271426013502838,-173.33333333333334,-0.11139745970946667,0.030547937396679818,0,0.004161309323993083
3457,"Leer, Landkreis",9.220794064776234,-185.11111111111111,-0.11233015626432796,0.03079682265339221,0,0.0020882412131687047
8136,"Ostalbkreis, Landkreis",12.263483492661834,-344.94444444444446,-0.11238428075327331,0.016989840664229792,0,0.003483109384102272
3454,"Emsland, Landkreis",6.300585300273796,-356.44444444444446,-0.11362988324246127,0.01645058028155088,0,0.0030015202264272204
8237,"Freudenstadt, Landkreis",14.68393829816451,-132.44444444444446,-0.11537676029413323,0.01786200790083095,0,0.0023242746219861053
13073,Landkreis Vorpommern-R�gen,20.4549526740155,-257.72222222222223,-0.1155140412185175,0.04972392869675688,1,0.0019162857637824654
9773,"Dillingen a.d.Donau, Landkreis",16.61968717183441,-107.88888888888889,-0.11584886435899551,0.011874862072951586,0,0.0032051618869471097
8336,"L�rrach, Landkreis",10.854006261452625,-259,-0.11669662931473397,0.017835086766470738,0,0.0030896046672564976
5366,"Euskirchen, Kreis",9.892369305585353,-219.83333333333334,-0.1172838518186556,0.029745949293956603,0,0.005365201142993957
6633,"Kassel, Landkreis",11.338501998019058,-277.72222222222223,-0.11901428838073905,0.02215283470089659,0,0.0026787902346687847
6636,Werra-Mei�ner-Kreis,11.24598416851588,-119.44444444444444,-0.11902073064335424,0.028446800724028446,0,0.002801159236802801
7331,"Alzey-Worms, Landkreis",13.814613316870522,-149.66666666666666,-0.11952965480155173,0.022074557069382737,0,0.0036757210996039495
9571,"Ansbach, Landkreis",11.726216258559198,-217.94444444444446,-0.12181519861187208,0.01554110097350155,0,0.002181647531322303
7232,Eifelkreis Bitburg-Pr�m,7.408899468961729,-118.94444444444444,-0.12369687851707042,0.01581257063728834,0,0.004366020791544908
7137,"Mayen-Koblenz, Landkreis",10.106736242884251,-264.3333333333333,-0.1260020179390011,0.018955393015349747,0,0.002375979845846952
6631,"Fulda, Landkreis",16.157079697588948,-272.77777777777777,-0.12610269227963877,0.01580824499623506,0,0.003436692622969299
3359,"Stade, Landkreis",9.470895516190382,-252.77777777777777,-0.12862961681378507,0.03039323978265069,0,0.00307696879937787
3361,"Verden, Landkreis",9.735338124555422,-170.83333333333334,-0.12897072553268069,0.025631451790028553,0,0.003518559191741709
7235,"Trier-Saarburg, Landkreis",8.088618111326502,-186.88888888888889,-0.12948092927585383,0.016312983060889234,0,0.0021059435003904885
9779,"Donau-Ries, Landkreis",13.2336033112752,-168,-0.1298079151921621,0.01112422299557286,0,0.002423276684981547
13072,Landkreis Rostock,18.164780735946078,-273.6666666666667,-0.12997395771492795,0.0335919118503506,1,0.002118014303352203
8325,"Rottweil, Landkreis",13.815999489242161,-176.44444444444446,-0.13039147824359076,0.01472727534603696,0,0.00297858243673393
6534,"Marburg-Biedenkopf, Landkreis",11.45355362038839,-316.05555555555554,-0.13078738187984393,0.020010968253001037,0,0.004093189527349542
3154,"Helmstedt, Landkreis",9.913689983253281,-119.83333333333333,-0.13252527933527253,0.03699302224160488,0,0.003087658089838639
9275,"Passau, Landkreis",17.214102552485887,-246.55555555555554,-0.13279163442624625,0.01787888968210641,0,0.001871876706000924
8417,"Zollernalbkreis, Landkreis",14.573273605212636,-247.11111111111111,-0.13385213071045737,0.018855290428867515,0,0.002129988839878833
5774,"Paderborn, Kreis",9.913266982770761,-399.8888888888889,-0.13478431513539094,0.030766762072556506,0,0.0047373281547802275
9190,"Weilheim-Schongau, Landkreis",11.733630769985046,-175.83333333333334,-0.13485495742162446,0.013817298811190894,0,0.0031329142210171916
9675,"Kitzingen, Landkreis",10.874075162018764,-118.94444444444444,-0.13501531771166367,0.014386977628857999,0,0.005502659545057449
8337,"Waldshut, Landkreis",10.450342504464992,-225.05555555555554,-0.13700761303719944,0.017174114854463626,0,0.0026005005934264798
9278,"Straubing-Bogen, Landkreis",17.13285553122304,-133.66666666666666,-0.13734334809517434,0.014052765480077726,0,0.0015905767343095817
3460,"Vechta, Landkreis",6.991184060571923,-185.61111111111111,-0.1383216912921508,0.02395759214458517,0,0.003819553152127508
3451,"Ammerland, Landkreis",7.942677030744985,-167.44444444444446,-0.14086942703440403,0.022459615649594332,0,0.002718496964588213
3358,"Heidekreis, Landkreis",9.708091309334419,-192.66666666666666,-0.14140568998881953,0.0319556574813622,0,0.00333862932156234
9572,"Erlangen-H�chstadt, Landkreis",10.495466510675636,-187.22222222222223,-0.14182212391466126,0.011430978172521318,0,0.003625105295047808
9771,"Aichach-Friedberg, Landkreis",14.288551778930902,-183.38888888888889,-0.1427873156763257,0.012443814293040515,0,0.0016184500286584814
9575,"Neustadt a.d.Aisch-Bad Windsheim, Landkreis",10.90003166191738,-139.55555555555554,-0.14316033273379233,0.012213847713290713,0,0.003010808803604942
7131,"Ahrweiler, Landkreis",8.806464198960391,-181.11111111111111,-0.1436227110681124,0.019990070899979832,0,0.0045999658687186805
3251,"Diepholz, Landkreis",8.420506144714615,-305.1111111111111,-0.1453221457508089,0.023114456604262725,0,0.00328778030850138
3458,"Oldenburg, Landkreis",8.905213210012814,-184.66666666666666,-0.1468195285874052,0.020696715002616915,0,0.0014808657368923371
9776,"Lindau (Bodensee), Landkreis",8.988861065538382,-116.88888888888889,-0.14807495520451097,0.013074875536057573,0,0.0026963079804801105
9780,"Oberallg�u, Landkreis",10.297540948914378,-222.83333333333334,-0.1480836622850736,0.014556699963769992,0,0.0013689767610372133
9181,"Landsberg am Lech, Landkreis",10.906104571584999,-170.27777777777777,-0.14816297250211252,0.014327561460790157,0,0.003565523203599097
9277,"Rottal-Inn, Landkreis",15.280858993699532,-176.44444444444446,-0.14996892961093083,0.016366068239027674,0,0.0024474333518870826
9187,"Rosenheim, Landkreis",13.691904725039352,-377,-0.15091469516832792,0.013139383848078043,0,0.0022424445652132015
8436,"Ravensburg, Landkreis",10.401751926250355,-414.94444444444446,-0.15169424743892826,0.015759150474469047,0,0.0032457354270221416
9375,"Regensburg, Landkreis",14.449126518356762,-282.3333333333333,-0.15180843818331705,0.01064516129032258,0,0.0007575442247658689
8425,"Alb-Donau-Kreis, Landkreis",12.459522250428325,-288.72222222222223,-0.15366392513902785,0.01527007794316366,0,0.0021137651634648485
6439,Rheingau-Taunus-Kreis,11.614530410799825,-284.8333333333333,-0.15720146439281033,0.02408334315816551,0,0.0039978135282580035
9777,"Ostallg�u, Landkreis",11.452028525199257,-212.61111111111111,-0.15775731508344623,0.013232527750254885,0,0.0018796938497106508
8415,"Reutlingen, Landkreis",12.92523981314759,-437.6111111111111,-0.1585438361529863,0.019516787166583845,0,0.003136963962009281
9376,"Schwandorf, Landkreis",16.80575972590372,-227.38888888888889,-0.1589465181664259,0.01585806249018684,0,0.0029149344310416625
3453,"Cloppenburg, Landkreis",9.060422154403147,-254.61111111111111,-0.158957091643636,0.02610093791871371,0,0.0024403751674854845
8126,"Hohenlohekreis, Landkreis",14.839282036658588,-172.11111111111111,-0.15956011265005754,0.015494829072105717,0,0.0021455759839126686
8326,"Schwarzwald-Baar-Kreis, Landkreis",12.803852074607095,-328.77777777777777,-0.16030902422242813,0.017319501721060383,0,0.002714872139654462
3157,"Peine, Landkreis",10.322004253123781,-212.33333333333334,-0.1631488496341318,0.027945234239097835,0,0.003573570871573391
8317,"Ortenaukreis, Landkreis",12.021367157572147,-674.1666666666666,-0.1633638494580925,0.018258783092136775,0,0.003295831259449865
9172,"Berchtesgadener Land, Landkreis",13.12642369020501,-168.44444444444446,-0.16458331976280885,0.018971556943228114,0,0.0024425998553097516
3355,"L�neburg, Landkreis",9.21679276818288,-290.94444444444446,-0.16462931212799647,0.028863499699338546,0,0.003977477723719456
9772,"Augsburg, Landkreis",13.75015264379045,-399.6666666666667,-0.1658980564053393,0.013949038977257263,0,0.00189242629223737
9185,"Neuburg-Schrobenhausen, Landkreis",15.068567304222302,-154.16666666666666,-0.16630708378281203,0.012145917391123497,0,0.0024146250155983526
8127,"Schw�bisch Hall, Landkreis",14.493025348732564,-312.6666666666667,-0.16659384845998365,0.017564095302338274,0,0.0029155059396610765
9189,"Traunstein, Landkreis",11.429041276105904,-287.94444444444446,-0.1690171893383839,0.015531226955584548,0,0.0029145158545578306
6435,Main-Kinzig-Kreis,14.709458354149996,-685.5555555555555,-0.16927506649601987,0.02428934884076823,0,0.0032065383732496748
8316,"Emmendingen, Landkreis",10.025733401955739,-269.8888888888889,-0.1706246097023516,0.015560493467385497,0,0.002150420127252416
9574,"N�rnberger Land, Landkreis",11.432681729711433,-282.8333333333333,-0.17141414141414124,0.013937980112163626,0,0.002920731419953815
5154,"Kleve, Kreis",6.931372198165313,-520.3888888888889,-0.17191685735911327,0.03254409355222154,0,0.003648922157612362
8135,"Heidenheim, Landkreis",13.280208717352465,-221.22222222222223,-0.17290145311904317,0.025301880217565867,0,0.0032119752132478826
9171,"Alt�tting, Landkreis",13.609765612301292,-186,-0.17388865516757818,0.018497707045623448,0,0.002865739817651217
9271,"Deggendorf, Landkreis",18.383537680114166,-204.83333333333334,-0.17753855576935312,0.015841200596255715,0,0.0027589459411660675
9176,"Eichst�tt, Landkreis",14.741645147541805,-223.88888888888889,-0.17789007364560785,0.008196223204654908,0,0.002224146574905428
9188,"Starnberg, Landkreis",8.791642026414351,-235.16666666666666,-0.17977591079241542,0.01338300933269394,0,0.004010476225607732
8315,"Breisgau-Hochschwarzwald, Landkreis",9.252682851099339,-450.1666666666667,-0.179968044178457,0.016607915245517427,0,0.00309902631428517
9373,"Neumarkt i.d.OPf., Landkreis",12.04971404520809,-231.61111111111111,-0.18119248909541963,0.010584723018003075,0,0.002896474774584602
1053,"Herzogtum Lauenburg, Landkreis",10.218959343464629,-345.05555555555554,-0.18252754958160614,0.0285249446637494,0,0.0030702693880881706
9182,"Miesbach, Landkreis",11.375842369924401,-175.88888888888889,-0.1831241229881505,0.013650707235681375,0,0.0021010394297754794
9180,"Garmisch-Partenkirchen, Landkreis",12.643081125795963,-156.66666666666666,-0.18335810618384976,0.017333106460212126,0,0.003906755147183937
9279,"Dingolfing-Landau, Landkreis",18.299781477828702,-169.83333333333334,-0.183474675453285,0.016320397366196743,0,0.002500234788325281
6440,Wetteraukreis,12.296829971181557,-545.7222222222222,-0.18473508578718983,0.02278980190755686,0,0.005120008384865318
8235,"Calw, Landkreis",15.210773377951291,-282.6666666666667,-0.1866267003827167,0.01814843988210184,0,0.002700985872548023
9774,"G�nzburg, Landkreis",15.971793210481113,-227.72222222222223,-0.18867420811147195,0.012632610284374271,0,0.0037472192998658843
9778,"Unterallg�u, Landkreis",15.33706387354425,-261.72222222222223,-0.1903655859752572,0.01062829722752273,0,0.0022533393197889775
12069,"Potsdam-Mittelmark, Landkreis",15.367174229555932,-392,-0.19073569482288827,0.025922312793718986,1,0.0029707242488767154
9173,"Bad T�lz-Wolfratshausen, Landkreis",11.915311311365897,-236.66666666666666,-0.1938016235662775,0.013209872641658503,0,0.003804948961855703
12064,"M�rkisch-Oderland, Landkreis",20.832329559142376,-366.5,-0.19529168531662297,0.034796626598452216,1,0.0021905339491294367
8327,"Tuttlingen, Landkreis",14.110266954764061,-269.1666666666667,-0.2020801113129826,0.01543792190649727,0,0.002596899502858742
12065,"Oberhavel, Landkreis",19.33737463150158,-416.1111111111111,-0.2049687265339543,0.03319786748486134,1,0.0028042859933394637
8426,"Biberach, Landkreis",12.619875645484244,-387.1111111111111,-0.20515067150925875,0.01372405618742592,0,0.002648979900638035
3353,"Harburg, Landkreis",9.976065400515994,-502.55555555555554,-0.20692283374942072,0.0218797587381864,0,0.0036483493763692244
1060,"Segeberg, Landkreis",8.997054701055244,-555,-0.21086465908313765,0.02523492382081927,0,0.0036974728583158475
9274,"Landshut, Landkreis",15.099751968079369,-322.22222222222223,-0.21436322295844898,0.014551097374061142,0,0.001112955437264292
9177,"Erding, Landkreis",13.53829557713053,-284.1111111111111,-0.21814763057718245,0.010592910785774817,0,0.0026314251483007508
12063,"Havelland, Landkreis",17.995978905041106,-354.6111111111111,-0.2304555097749528,0.03395557214859063,1,0.0037296994586522307
9183,"M�hldorf a.Inn, Landkreis",15.464061626390011,-257.77777777777777,-0.2360018839460734,0.019626853938472827,0,0.0024736649022587915
9273,"Kelheim, Landkreis",14.89818919528139,-283.1111111111111,-0.24568792619334154,0.014531163566409894,0,0.002656891156631082
9186,"Pfaffenhofen a.d.Ilm, Landkreis",15.168860904407556,-298.8333333333333,-0.2490547587099711,0.010368809606793193,0,0.0020294033775862612
12072,"Teltow-Fl�ming, Landkreis",19.957673905042324,-419.3333333333333,-0.26135154899614405,0.030157588830966506,1,0.0026316735574330396
12061,"Dahme-Spreewald, Landkreis",21.40787722183071,-423,-0.2630711535949948,0.025137611389023363,1,0.0031783598993539285
9178,"Freising, Landkreis",12.346378498655652,-445.55555555555554,-0.26362674134995306,0.012106945622679034,0,0.0026191452664932557
9174,"Dachau, Landkreis",12.326364364081556,-384,-0.2659150872187636,0.012763337982881803,0,0.0025605259883564827
12060,"Barnim, Landkreis",20.58919477318448,-478.05555555555554,-0.27513355407965034,0.03369382519462137,1,0.0027136411889596606
9175,"Ebersberg, Landkreis",10.343870656370656,-405.27777777777777,-0.3047040966097858,0.01078125,0,0.003774147727272727
3159,"G�ttingen, Landkreis",8.09881207840077,-44.55555555555556,\N,0.030423490104744603,0,0.0007913765562316332
